inventory_scope,script,classification,runner_status,analysis_unit,purpose,inputs,filters_denominator,tools_tests,repeated_measures,outputs,safe_claim,limitations
"active_root","00_config.R","Infrastructure/configuration","Sourced by numbered scripts; not run as a standalone analysis stage","None","Defines paths, batches, manual-curation helpers, clinical thresholds, the operational SNP threshold and output directories.","Project directory structure; data/manual_sample_curation.csv when available","No biological filtering itself. Sets the primary culture threshold to >=1e3 CFU/mL and the operational same-strain threshold to <=25 SNPs.","No statistical test.","Not applicable.","Shared constants, paths and helper functions in the R session; creates configured output directories.","The numbered scripts use a common configuration and common primary-analysis filters.","The <=25 threshold is recorded as prior project practice, not externally calibrated here. Sourcing the file creates directories, and software/package versions are not frozen."
"active_root","00_input_snapshot.R","Debug/audit utility","Not invoked by RUN_COMPLETE_ANALYSIS.sh","Input file","Writes small dimensions, column-name and head snapshots of key generated inputs and lists existing dnadiff reports.","VF, MLST, plasmid and clinical result files; results/nucmer report paths","Reads only files that exist; truncates previews to a limited number of rows and columns.","No statistical test.","Not applicable.","results/within_person/debug/input_snapshot/","Useful only for confirming the shape and location of inputs.","Not biological evidence; dims.csv is appended and may combine runs unless managed."
"active_root","00_make_assembly_metadata.r","Required metadata/provenance builder","Required upstream but omitted by RUN_COMPLETE_ANALYSIS.sh","Expected isolate, then assembly row","Builds the authoritative assembly-level metadata from the overview workbook, batch supplements and FASTA discovery while keeping assembler alternatives explicit.","OVERVIEW E.coli batch 1-6 - CLEAN_RC.xlsx; data/inputs/batch*.csv; ont-yellow-routine-fastas/; manual curation","Overview is authoritative; batch CSVs supplement only; unlinked/unexpected and quarantined records are excluded from active episode analysis. Current file has 1,299 rows, of which 1,291 pass primary and genomics curation.","Biostrings supplies lightweight contig, total-size and GC metrics when installed; no inference.","Not applicable.","assembly_metadata.csv; results/assembly_metadata.csv; results/metadata/assembly_metadata_all_batches.csv; metadata and FASTA audit tables under results/qc/","Documents the expected-isolate universe, matched FASTAs, assembler alternatives and explicit exclusions.","Does not document raw-read generation, basecalling, assembly settings or polishing. Missing Biostrings causes metrics to be skipped."
"active_root","00a_load_clean_clinical.R","Main clinical preprocessing","Invoked in Phase 0","Raw clinical row; harmonised participant-timepoint fields","Loads available batch 1-6 clinical CSVs, harmonises names and types, separates symptom fields and retains a B1/B2 SnS fallback.","data/inputs/batch*.csv as defined in 00_config.R","Loads only batch files present on disk; warns for missing batches; harmonises Participant_id and Timepoint without assigning the final outcome.","No statistical test.","Repeated raw records are retained for episode-level collapse in script 00b.","results/clinical/intermediate/clinical_merged.rds; detected symptom-column audit","The clinical source files were harmonised reproducibly before classification.","The method still requires documentation of how workbook data were exported to batch CSVs and why any batch file was missing."
"active_root","00b_classify_episodes.R","Main clinical classification","Invoked in Phase 0","Clinical episode: Participant_id plus Timepoint","Creates the authoritative UTI/Not_UTI status using culture support and catheter-aware symptoms, while retaining legacy labels for audit.","results/clinical/intermediate/clinical_merged.rds; clinical helper functions; manual curation","UTI requires culture support at >=1e3 CFU/mL and compatible symptoms. Non-indwelling: a local urinary symptom or flank pain plus a systemic symptom. Indwelling: a systemic symptom. All other episodes are Not_UTI with a subgroup. Current primary denominator: 583 episodes from 166 participants, 18 UTI and 565 Not_UTI.","Rule validation and duplicate-key assertions; no inferential test.","Multiple raw rows are collapsed to one episode before classification.","results/clinical/status_map.csv and rule, movement, symptom and CFU audit tables","States exactly how each episode entered UTI or Not_UTI and preserves the classification rationale.","Not_UTI does not mean healthy or bacteria-free. Unknown evidence is generally retained as Not_UTI/indeterminate, so subgroup and confidence must be reported."
"active_root","00c_plot_clinical_summary.R","Descriptive reporting","Invoked in Phase 0","Clinical episode, participant and assembly summary","Creates clinical denominator, reclassification, symptom-rule, CFU and assembly-context plots and tables.","results/clinical/status_map.csv; assembly_metadata.csv","Uses the current primary status map and generated assembly metadata; does not redefine status.","Descriptive counts and graphics only.","Participant counts are shown separately where relevant; no repeated-measures model.","plots/clinical/ and results/clinical summary CSVs","Visualises the clinical denominator and classification checks.","Does not support association or causal claims."
"active_root","00d_derive_plot_timepoints.R","Display-only preprocessing","Invoked in Phase 0","Clinical episode","Derives poster-friendly timepoint labels and placement confidence using dates and event labels.","results/clinical/status_map.csv; available batch clinical files","Preserves the primary status; uncertain/unplaced event rows are written to audits. Poster half-step positions are presentation metadata only.","No statistical test.","Not applicable.","results/clinical/status_map_with_poster_tp.csv; unplaced/display-only event audit tables","Provides a transparent ordering aid for figures.","Poster timepoint numbers must never be used as biological elapsed time or as an inferential covariate."
"active_root","02_gene_presence_analysis.R","Executed main VF screening","Invoked in Phase 1","Selected canonical participant-timepoint assembly","Screens one selected assembly per episode against VFDB and builds a binary VF presence/absence matrix.","assembly_metadata.csv; results/qc/canonical_assembly_selection.csv; ABRicate VFDB","Applies primary/genomics curation, requires a usable selected-canonical FASTA, and uses ABRicate minimum identity 80% and coverage 80%. Current mixed denominator: 556 rows, 162 participants and 227 detected VF columns.","ABRicate; prevalence summaries; no phenotype test.","One row per selected episode prevents assembler alternatives being treated as independent samples.","results/vf/vf_hits_all.rds; results/vf/vf_pa_all.csv; gene prevalence tables and plots","Reports VFDB genes detected under the stated thresholds in selected assemblies.","Current primary output is not a union across Flye and Longcycler. Cache keys lack FASTA hashes and VFDB/tool versions are not recorded. Absence means not detected under this pipeline, not proven biological absence."
"active_root","03_plotting.R","Legacy exploratory visualisation","Conditionally invoked only when RUN_LEGACY_EXPLORATORY_PLOTS=1","Mixed episode, isolate, participant and pair outputs","Creates a broad collection of older VF, phylogeny, epidemiology, transmission, nitrate and timeline plots.","VF, status, MLST, tree, nitrate and pairwise outputs; optional batch metadata","Uses whichever optional inputs exist and includes legacy-output branches.","Mostly descriptive plotting; any embedded comparisons are exploratory.","Units and clustering vary by panel and are not controlled by one model.","Multiple legacy/exploratory files under plots/ and results/","May be used for internal exploration only.","Superseded by scripts 23-30; heterogeneous denominators and legacy ASB wording make it unsuitable as a current methods source."
"active_root","04_gene_breakdown.R","Gene curation and exploratory focus-gene analysis","Invoked in Phase 1b","Gene hit and clinical episode","Creates or reuses a gene-to-category map, category counts and nitrate summaries; also attempts focus-gene association models.","results/vf/vf_hits_all.rds; results/clinical/status_map.csv; results/vf/gene_map.csv when present","Gene categories are reused if curated; otherwise assigned by ordered regex heuristics. Focus genes are joined to the clinical status table.","GLMM Outcome ~ gene + timepoint + batch + (1|Participant_id); singular fits accepted; GLM fallback; BH across focus genes.","A participant random intercept is attempted only in the focus-gene subsection.","gene_map.csv; annotated/category/nitrate tables; diff_focus_genes_UTI_vs_Not_UTI_glmm.csv","The gene map is a transparent functional grouping aid; focus-gene results are exploratory.","When focus-gene calls are joined to all clinical rows, missing WGS/no hit may be filled as zero. Regex categories are not validated curation, and sparse/fallback models are not primary inference."
"active_root","05_gene_overview_plots.R","Descriptive VF overview","Invoked in Phase 1b","Selected VF episode row","Calculates cohort prevalence and labels VF genes above 95% prevalence as dataset-level core and the remainder as variable.","results/vf/vf_pa_all.csv","Uses only canonical binary VF columns and the sequenced selected denominator.","No statistical test; prevalence and heatmap clustering only.","No repeated-measures adjustment because this is descriptive.","core_gene_list.txt; variable_gene_list.txt; prevalence and heatmap plots","Describes how frequently detected VF genes occur in the sequenced cohort.","Dataset-level core does not mean pangenome core, biological essentiality or protection from UTI."
"active_root","06_MLST.R","Executed MLST integration","Invoked in Phase 1","Canonical episode table plus all-isolate provenance","Builds the active provider-preferred MLST layer, using provider SeqSphere calls first and local MLST only as labelled fallback.","Provider-normalised MLST; local MLST provenance; assembly metadata and canonical selection through helper scripts","Provider calls require PercGoodTargets >=95. Current mixed canonical table has 556 rows: 527 provider_qc95, 6 local fallbacks and 23 missing; 533 typed rows and 83 ST labels.","Provider/local source audit; no association test.","One canonical episode row is used downstream; source provenance is retained.","mlst_provider_preferred.csv; mlst_provider_preferred_all.csv; mlst_provider_source_audit.csv","ST provides lineage context with an explicit typing source.","Provider assembler provenance often includes Flye even for Longcycler-selected episodes. The scheme/version and provider manifest are still needed; ST does not prove strain identity."
"active_root","07_explore_MLST.R","Descriptive MLST exploration","Invoked in Phase 1b","Biological isolate after collapsing assembly alternatives","Summarises ST frequencies and top STs and creates an exploratory metadata join.","mlst_provider_preferred_all.csv when available, otherwise canonical MLST; assembly_metadata.csv","Collapses to one row per Isolate_ID, preferring complete/more-locus calls. Current all-isolate source contains 1,291 assembly rows representing 593 isolates; the current frequency output contains 562 typed isolates and 90 STs.","No statistical test.","Repeated episodes from the same participant remain distinct isolates.","ST_frequencies.csv; top20_STs plots; exploratory isolate metadata join","Describes isolate-level ST diversity.","This denominator differs from the 556 canonical episode table and must be labelled; it is not a participant-level temporal trend analysis."
"active_root","08_core_vs_plasmid.R","Exploratory plasmid-lineage analysis","Invoked in Phase 1b","Canonical selected assembly/isolate episode","Compares chromosomal ST with pMLST schemes when available, otherwise PlasmidFinder replicons, and screens ST-replicon associations.","mlst_provider_preferred.csv; canonical_assembly_selection.csv; selected FASTAs","Uses selected canonical FASTAs; tests the five most common STs and replicons present in more than 5% of joined rows.","mlst/pMLST or ABRicate PlasmidFinder; Fisher exact tests with BH correction.","Repeated episodes from the same participant are not clustered.","ST_core_freq.csv; pMLST or replicon tables; ST_plasmid_associations.csv","Generates hypothesis-forming ST-plasmid co-occurrence summaries.","The header label inferential-core is too strong. Tool availability changes the endpoint, database/version settings are not frozen, and Fisher tests violate independence when residents repeat."
"active_root","09_inc_plasmid_network.R","Executed exploratory plasmid screen","Invoked in Phase 1b","Selected canonical assembly/isolate","Screens selected assemblies with PlasmidFinder and constructs replicon co-occurrence and ST-replicon networks.","canonical_assembly_selection.csv; selected FASTAs; provider-preferred MLST","Requires selected canonical existing FASTAs. Network replicons must occur in at least three positive rows.","ABRicate PlasmidFinder; graph/network visualisation; no association model.","No participant clustering.","plasmidfinder_input_manifest.csv; hits_long.csv; presence_absence.csv; network PDFs","Shows detected replicon patterns among screened assemblies.","Cache uses basename without content hash; no explicit identity/coverage option or DB version is logged. Zero-hit assemblies are absent from the matrix, so missing screening and true zero can be conflated downstream."
"active_root","10_replicon_heatmap.R","Descriptive plasmid visualisation","Invoked in Phase 1b","Replicon-matrix isolate row","Creates a clustered replicon presence/absence heatmap annotated by ST.","plasmidfinder_presence_absence.csv; provider-preferred MLST","Keeps replicons present in at least five matrix rows, or all if none meet the rule; groups rare STs.","ComplexHeatmap or pheatmap; no statistical test.","No adjustment; descriptive only.","replicon_heatmap.pdf and .png","Visualises replicon distribution among rows represented in the matrix.","The input matrix may omit zero-hit selected assemblies; the heatmap denominator is therefore not automatically all 556 selected episodes."
"active_root","11_compare_strains_helpers.R","Support/provenance code","Sourced by scripts 11 and 16; not a standalone runner stage","Pair endpoint and metric helper","Loads core tables, resolves assembly endpoints, runs/parses dnadiff and Mash, computes Jaccard similarities and applies a composite pair classification.","assembly metadata; canonical selection; MLST; VF and plasmid matrices; FASTAs","The repaired design must require selected-canonical QC-pass endpoints and exact input fingerprints before cache reuse.","MUMmer dnadiff; Mash; set Jaccard; rule-based classification.","Not a model; pair dependence is handled nowhere in the helper.","No standalone output; supplies functions used by pairwise scripts.","Supports reproducible pair metric calculation when exact input provenance is enforced.","The previous implementation fell back to noncanonical assemblies and reused SampleKey-only stale reports. Composite Same can pass missing accessory evidence and must not replace strict SNP evidence."
"active_root","11_compare_strains.R","Main comparative-genomics layer after cache repair","Invoked in Phase 2","Unordered within-participant assembly pair","Calculates assembly-to-assembly strain-context metrics for every eligible within-resident pair.","Selected canonical QC-pass FASTAs; provider MLST; VF matrix; plasmid matrix","Primary run should contain only current selected canonical endpoints. From the present 556 selected rows, the expected within-participant pair set is 963. Strict support is TotalSNPs <=25 and is reported separately from the composite class.","MUMmer dnadiff AvgIdentity/TotalSNPs; Mash distance; VF/plasmid Jaccard; exploratory Wilcoxon/Kruskal tests.","Many pairs share participants and endpoints; the exploratory tests do not model this dependence.","pairwise_metrics.csv; pair summaries; exploratory statistics and plots","Reports fresh assembly-to-assembly dnadiff SNP differences and other concordance metrics with exact endpoint provenance.","dnadiff SNPs are not Parsnp core-genome SNPs or wgMLST alleles. The <=25 rule is operational, not universal. Pre-repair pairwise outputs were invalid because stale reports and noncanonical endpoints were reused; strict counts must be regenerated dynamically."
"active_root","12a_wgs_qc.R","Executed assembly QC and canonical selection","Invoked in Phase 1","Assembly row, then participant-timepoint selection","Measures assembly contiguity/size and deterministically selects one QC-passing assembly per episode, preferring Longcycler.","assembly_metadata.csv; existing FASTAs; primary/genomics curation","Pass requires <=200 contigs, N50 >=20 kb, total size 4-6 Mb and no FASTA read error. Current active universe: 1,291 assembly records; selected mixed set: 556 rows/162 participants, 532 Longcycler and 24 Flye fallbacks.","seqinr metrics; Fisher exact QC-retention diagnostic.","Selection produces one row per episode; Fisher does not cluster repeated resident episodes.","results/wgs/qc_summary.csv; results/qc/canonical_assembly_selection.csv; QC-bias tables and plot","Defines the executed mixed canonical denominator and the Longcycler-only sensitivity subset.","Completeness and contamination constants are not applied in this script. Passing is conditional on contiguity/size, not proof of biological completeness or absence of contamination."
"active_root","12b_core_snp.R","Separate core-genome phylogeny branch","Invoked in Phase 1","Selected genome; all-genome pair distances","Builds a Parsnp core alignment, SNP-distance matrix and neighbour-joining tree for selected canonical genomes.","canonical_assembly_selection.csv, falling back to QC summary; selected FASTAs","Current manifest targets 556 selected QC-pass genomes. Pair labels use <=25 Same, <=1000 Related and >1000 Different for this separate output.","Parsnp -c -r ! -x; snp-dists; ape neighbour-joining.","No phenotype repeated-measures model.","core_snp_input_manifest.csv; core alignment; snp_dists.tsv; strain_pairs.csv; core_genome.tree","Provides a separate cohort-wide core-genome phylogenetic context.","Script 11 does not consume this output despite stale header wording. Random reference selection and path/size/mtime fingerprints limit exact reproducibility; stale outputs can cause a warning and successful exit unless FORCE_RERUN_CORE_SNP=1."
"active_root","12c_panaroo.R","Executed pangenome branch","Invoked in Phase 1","Selected genome/GFF","Ensures a complete GFF inventory for selected genomes, regenerates missing Prokka annotations and runs Panaroo.","canonical selected FASTAs; existing/generated Prokka GFFs; assembly/GFF inventory","Requires current metadata/QC and complete GFF coverage for selected QC-pass genomes; current intended denominator is 556.","Prokka --compliant --centre X --kingdom Bacteria --genus Escherichia --species coli; Panaroo --clean-mode strict --remove-invalid-genes.","Not applicable.","Panaroo manifest, GFF audits, gene_presence_absence.csv and other pangenome outputs","Describes pangenome/accessory-gene content conditional on the selected assemblies and annotation workflow.","Prokka/Panaroo versions are not frozen. Annotation and pangenome calls are assembly- and software-dependent."
"active_root","13_visualise_panaroo_selection.R","QC visualisation/audit","Invoked in Phase 1","Assembly row and participant-timepoint selection","Shows QC pass, canonical selection, GFF availability and Panaroo inclusion across batches, statuses, timepoints and assemblers.","qc_summary.csv; assembly_metadata.csv; canonical and Panaroo manifests; status_map.csv","Uses the 1,291 active assembly records and distinguishes the 556 selected episode rows.","Descriptive plots; Fisher exact selection-by-status diagnostic.","Repeated resident episodes are not clustered in the Fisher diagnostic.","Panaroo selection CSVs; QC-bias table; selection plots","Makes assembly and pangenome attrition visible.","Does not establish absence of selection bias, particularly with sparse UTI and repeated residents."
"active_root","14_genotype_phenotype_model.R","Exploratory adjusted association","Invoked in Phase 2","VF-ready episode","Screens genomic features and fits participant-random-intercept logistic models for UTI versus Not_UTI.","status_map.csv; vf_pa_all.csv; vf_analysis_ready.csv when current; plasmid matrix; MLST; canonical metadata","Uses the mixed canonical VF/model denominator of 556 rows/162 participants: 17 UTI and 539 Not_UTI. Retains features with 5-95% prevalence; current output has 119 Fisher screens and 50 selected models.","Fisher screening; GLMM Outcome ~ feature + factor(Timepoint) + Batch + (1|Participant_id); singular fits accepted; GLM fallback; BH within selected models.","A resident random intercept is used where the GLMM succeeds; fallback GLM loses clustering.","model_dataset_denominator.csv; gwas_univariable_stats.csv; gwas_multivariable_glmm.csv; warnings and plots","Provides exploratory adjusted estimates and explicit sparse-data diagnostics.","Only 17 UTI rows; two-stage data-driven selection followed by BH on the selected subset is not confirmatory. ST is not automatically adjusted. Current results have no FDR<0.05 findings, six singular fits and 37 sparse/separation flags."
"active_root","15_longitudinal_patterns.R","Unsupported primary persistence branch","Invoked in Phase 3 but should be excluded from thesis claims","Clinical episode graph node","Assigns graph-component Strain_ID values from composite Same edges and produces timelines and switch candidates.","status_map or poster-status file; pairwise_metrics.csv","Uses every clinical SampleKey as a graph vertex and composite Classification == Same as edges; orders by date/fallback.","igraph connected components; descriptive transitions.","No repeated-event model.","participant_timelines.csv; transitions.csv; phenotype_switch_candidates.csv; persistence summaries and swimmer plot","At most an exploratory timeline after redesign.","No-WGS episodes become singleton Strain_IDs, connected-component transitivity can merge contradictory pairs, and composite Same is not strict SNP persistence. Current output includes the full 585-row audit status map rather than the primary genomic denominator."
"active_root","16_within_host_evolution.R","Unsupported downstream branch","Invoked in Phase 3","Script-15 switch pair","Recomputes pair dnadiff metrics and lists VF/plasmid differences for phenotype-switch candidates.","phenotype_switch_candidates.csv; assembly metadata; VF and plasmid matrices","Inherits script 15 candidates and resolves endpoint assemblies using script 11 helpers.","dnadiff; set differences; descriptive counts.","No clustering or inferential model.","evolution_events.csv and summary text","None for the primary thesis until the candidate definition and provenance are repaired.","Inherits invalid graph candidates and historical cache risks; VF feature extraction can include metadata; missing plasmid rows can be treated as empty profiles."
"active_root","17_lineage_analysis.R","Exploratory lineage analysis","Invoked in Phase 2","Typed VF-ready episode","Calculates the episode proportion classified UTI for common STs and screens each ST against all others.","status_map.csv; provider-preferred MLST; preferably vf_analysis_ready.csv","Uses typed rows and STs with at least five episodes.","Fisher exact tests with BH; simple Wald-style plot intervals.","Repeated episodes from the same resident are not clustered.","results/lineage/st_risk_profile.csv and plot","Describes UTI proportion by ST and exploratory over-representation.","Call the outcome a proportion, not risk. Sparse ST-by-UTI cells and repeated residents invalidate confirmatory interpretation."
"active_root","18_annotate_variants.R","Unsupported variant parser","Invoked in Phase 3","Variant record from a script-15 candidate pair","Parses dnadiff .snps files into position and substitution/indel tables.","phenotype_switch_candidates.csv; longitudinal dnadiff cache .snps files","Keeps candidate-pair records and four principal position/base columns.","No statistical test.","Not applicable.","annotated_snps.csv; variant_report.md","None for defensible mutation localisation in the current implementation.","Drops reference/query contig identifiers, so positions cannot be safely mapped on multi-contig assemblies; inherits invalid candidates and cache provenance."
"active_root","19_host_context.R","Exploratory host-context extraction","Invoked in Phase 3","Script-15 candidate endpoint","Extracts collection method and a simple symptom summary for switch candidates.","phenotype_switch_candidates.csv; clinical_merged.rds","Looks up candidate participant/timepoint rows and applies exact-value heuristics to raw symptom fields.","No statistical test.","No repeated-measures model.","host_context_table.csv","May support manual case review only.","Inherits invalid switch candidates; the heuristic may miss Dutch or differently encoded values. Antibiotic and broader host-factor data are absent, so confounding is not tested."
"active_root","20_variant_annotation_deep.R","Unsupported mutation annotation","Invoked in Phase 3","Variant record","Overlays script-18 positions on a selected/preferred Prokka GFF and assigns the first overlapping gene.","annotated_snps.csv; transition case tables; canonical metadata; Prokka GFFs","Restricts to Not_UTI-to-UTI candidates when available and SNP records; chooses a reference GFF by participant/timepoint.","Interval lookup; no statistical test.","Not applicable.","variant_annotation_detailed.csv","None for defensible gene-level mutation claims in the current implementation.","The upstream table lacks contig ID and this script ignores GFF seqid, allowing a contig-local coordinate to match the wrong contig; pair grouping can also mix To_Time values."
"active_root","21_publication_figures.R","Rendering of unsupported upstream results","Invoked in Phase 3","Timeline episode and variant record","Creates a swimmer plot and a linear mutation map.","participant_timelines.csv; variant_annotation_detailed.csv","Uses participants with multiple plotted timepoints and all available variant annotations.","Plotting only.","No model.","Fig1_Swimmer_Plot.png; Fig2_Mutation_Map.png","No primary scientific claim.","Inherits scripts 15 and 20. It contains hard-coded highlight IDs and plots contig-local positions on an artificial 5 Mb line."
"active_root","22_vf_build_analysis_dataset.R","Executed central data integration","Invoked in Phase 2","Selected canonical participant-timepoint/clinical episode","Joins VF calls, primary clinical status, gene categories and provider-preferred MLST; computes burden/category fields and an audited Uricult-to-UTI-N bridge.","vf_pa_all.csv; status_map.csv; gene_map.csv; mlst_provider_preferred.csv; canonical selection","Applies primary/genomics curation. For a clinical Uricult episode, chooses one unmatched UTI-N WGS row by date then lowest UTI number, otherwise participant-only lowest number. Current mixed output: 556 rows/162 participants, 17 UTI and 539 Not_UTI.","Join/duplicate/freshness diagnostics; no association test.","One row per selected episode; Uricult alternatives are written to sensitivity audit.","vf_analysis_ready.csv; vf_binary_uti_ready.csv; bridge, gap and unmatched-row audits","Defines the executed mixed VF/model analysis denominator and transparent burden fields.","Header comments claiming union across assemblers are stale. MLST is not Longcycler-derived. Participant-only bridging is an assumption; alternatives must remain sensitivity. The 227 VFDB columns include unassigned/low-confidence genes, not only curated UPEC factors."
"active_root","23_vf_cross_sectional.R","Descriptive and exploratory VF comparison","Invoked in Phase 4","VF-ready episode","Summarises VF burden, prevalence and category counts by UTI status in the full cohort and follow-up-depth subsets.","vf_analysis_ready.csv; gene_map.csv","Runs cohorts all, >=2, >=3 and >=4 timepoints; only rows with primary status enter status comparisons.","Gene/category Fisher tests and category Wilcoxon tests with BH where implemented.","Repeated residents are not modelled; tests are explicitly exploratory.","VF burden, prevalence, enrichment tables and plots under results/vf and plots/vf","Reports medians, prevalence differences and exploratory screens.","Stratified files stack overlapping cohort subsets; use cohort == all for overall denominators. Sparse UTI, lineage and repeated residents limit interpretation."
"active_root","24_vf_longitudinal_dynamics.R","Main descriptive longitudinal layer after fresh pairwise rerun","Invoked in Phase 4","Adjacent retained VF-ready episode pair","Rebuilds within-resident adjacent pairs, computes VF Jaccard/detected changes, and layers dnadiff SNP and ST context.","vf_analysis_ready.csv; gene_map.csv; fresh pairwise_metrics.csv","Orders by collection date, with labelled fallback for routine/event timepoints; uses consecutive observed retained rows. Current mixed full set: 394 transitions from 144 participants. Longcycler sensitivity must be rebuilt separately and currently has 371 transitions from 139 participants and nine Not_UTI-to-UTI transitions.","Set Jaccard and descriptive summaries; no causal or recurrent-event model.","Each resident can contribute multiple correlated transitions; no inferential clustering is applied.","vf_longitudinal_transitions.csv; stratified and strain-context summaries; plots","Describes observed VF-profile stability and separately labels strict dnadiff SNP support after provenance repair.","Gained/lost means detected presence/absence difference, not proven acquisition/deletion. Adjacent retained samples are not continuous biology. Stratified outputs duplicate pairs, and strict SNP counts must be generated dynamically after the cache repair."
"active_root","25_vf_lineage_vf_interaction.R","Exploratory lineage-confounding diagnostic","Invoked in Phase 4","Typed VF-ready episode","Checks whether VF burden varies by ST, within ST by status, and whether ST composition differs by status.","vf_analysis_ready.csv; gene_map.csv","Uses STs with >=5 episodes, relaxing to >=3 if none qualify.","Kruskal-Wallis; within-ST Wilcoxon; simulated Fisher exact test with 10,000 replicates.","Repeated residents are not clustered.","VF burden-by-ST tables, confounding summary and plots","Shows lineage structure that should inform cautious interpretation.","Non-significance cannot rule out confounding; sparse UTI and multiple test families limit power. Script 14 does not automatically add ST after this diagnostic."
"active_root","26_vf_define_gene_modules.R","Supplementary rule-based curation","Invoked in Phase 4","Gene assignment, then episode module","Assigns genes to biological modules using ordered rules and builds episode module presence/count tables with confidence and review flags.","vf_analysis_ready.csv; gene_map.csv; raw VF matrix","Rules are applied in order and first match wins; unassigned and low-confidence genes remain visible.","No association test.","One module table row per episode; no inference.","gene_module_map.csv; module episode/summary/audit/review tables and plots","Provides a transparent, reproducible module framework for descriptive/sensitivity analyses.","Hand-authored regex modules are not externally validated systems and should not be interpreted as causal or predictive."
"active_root","27_vf_score_framework.R","Exploratory supplementary endpoints","Invoked in Phase 4","VF-ready episode","Calculates descriptive VF burden, ExPEC-like marker and UPEC-system endpoints plus PCA/PCoA and status/ST summaries.","vf_analysis_ready.csv; gene_module_map.csv; module episode table","Uses current primary VF-ready episodes and defined supplementary marker/system rules.","Fisher marker tests; Wilcoxon score tests; Spearman correlations; PCA and Jaccard PCoA; BH within output families.","Repeated residents are not adjusted in episode-level tests.","vf_score_table.csv; marker, score, correlation, PCA/PCoA tables and plots","Provides descriptive and hypothesis-generating supplementary endpoints.","Not validated prediction scores. Literature mapping requires citation; sparse UTI, repeated residents and multiple families prevent confirmatory claims."
"active_root","28_vf_transition_case_studies.R","Clinical-first descriptive transition audit","Invoked in Phase 4","Ordered clinical episode transition","Builds all ordered clinical transitions, retains missing genomics and layers VF/module/score/ST/pairwise evidence where available.","status map; vf_analysis_ready; pairwise metrics; module, score and longitudinal outputs","Orders clinical episodes by date, then documented fallback; marks endpoint availability and isolates Not_UTI-to-UTI cases without requiring WGS.","Descriptive case classification only.","Residents may contribute multiple transitions; no recurrent-event model.","vf_transition_case_index/summary, change tables, notes, summary and plots","Provides a complete clinical-first transition inventory with explicit missing-data context.","Its denominator differs from VF-only script 24. Case classes do not identify causes; all SNP-dependent fields require the repaired fresh pairwise table."
"active_root","29_vf_amr_combined_profile.R","VF plus plasmid exploratory analysis; not AMR","Invoked in Phase 4","VF-ready episode","Audits whether dedicated AMR results exist and otherwise combines VF endpoints with plasmid-replicon summaries.","vf_analysis_ready.csv; vf_score_table.csv; plasmid/replicon tables; optional AMR directories","Current logic records amr_data_available and true_amr_integration_performed as false and performs VF-plasmid summaries.","Descriptive summaries and Spearman VF-replicon correlations.","Repeated residents are not clustered.","results/vf_amr combined/profile/replicon tables and plots; availability report","Can support VF-plasmid context only.","Despite filenames, it does not perform a true antibiotic or AMR analysis. Missing plasmid matches may be filled as zero, and database-screening absence must not be interpreted as susceptibility."
"active_root","30_vf_project_summary_tables.R","Reporting/consolidation","Invoked in Phase 4","Inherited mixed units","Collects generated clinical, WGS, MLST, VF, transition and sensitivity outputs into numbered summary tables and a markdown report.","Current outputs from preceding scripts; optional extensions","Performs file-availability and selected freshness/denominator checks; does not create a new primary analysis.","No new core statistical model.","Inherits the repeated-measures handling of each input.","results/summary/table_*.csv; final summary markdown; optional XLSX/RDS; QC log","Can provide a traceable index of current generated outputs after upstream validation.","The manuscript-ready label is too strong. It propagates stale or unsupported upstream content unless the input set is repaired and claims are manually bounded."
"active_root","31_audit_fasta_usage.R","Standalone FASTA provenance audit","Not invoked by RUN_COMPLETE_ANALYSIS.sh","FASTA/assembly file","Inventories project FASTAs against metadata, QC, MLST, VF, GFF and Panaroo representation and flags conflicts or stale references.","DIR_FASTAS; assembly metadata/list; QC, MLST, VF and GFF/Panaroo outputs","Scans recursively and classifies expected, excluded, duplicated and assembler-conflict cases; strict failure is enabled by default.","No statistical test.","Not applicable.","fasta_usage_audit.csv; summary; conflict, batch and GFF/Panaroo audit tables","Documents whether sequenced assemblies are visible to each pipeline layer.","File-audit counts include classified exclusions and are not biological denominators. Results must be dated and rerun after file changes."
"active_root","31_audit_uti_denominator_drop.R","Standalone clinical-to-genomics denominator audit","Not invoked by RUN_COMPLETE_ANALYSIS.sh","Clinical UTI episode and attrition stage","Traces UTI episodes through metadata, FASTA, QC, VF and MLST layers and records reasons for loss.","status_map; assembly/QC; VF hits/matrix; MLST and related audit files","Diagnostic only; does not change labels or primary inclusion.","No inferential test.","Not applicable.","results/audit UTI cascade, missing-row, rule and denominator tables","Explains factual UTI attrition when run against current files.","Older generated copies contain obsolete denominators; freshness must be checked and the audit rerun before citation."
"active_root","32_uti_not_uti_diagnostic_stats.R","Mixed-pipeline diagnostic and sensitivity layer","Invoked in Phase 4","Episode, participant or transition depending endpoint","Explains denominator flow and near-miss rows, estimates sparse-case uncertainty and performs leave-one, paired and transition diagnostics.","status_map; vf_analysis_ready; score/module/transition and model outputs","Hard-validates the executed mixed counts of 18/565 clinical and 17/539 VF. Uses selected score and feature sets.","Resident bootstrap B=1,000; exploratory Fisher; leave-one-UTI; paired sign/binomial and Wilcoxon tests; approximate power context.","Bootstrap resamples residents and paired summaries collapse within resident; Fisher and transition tests do not fully account for repetition.","results/audit and results/vf diagnostic tables plus plots","Quantifies uncertainty and fragility for the mixed 556-row analysis.","Cannot be applied unchanged to the Longcycler sensitivity. Some features are data-selected, transition observations can repeat, and the power grid is illustrative rather than prospective."
"active_root","33_mechanism_first_addon.R","Descriptive mechanism casebook","Invoked in Phase 4","Clinical transition case","Combines clinical context, strain evidence, VF/modules, accessory genes, plasmids, variants and optional ResFinder screening into a casebook.","script-28 outputs; status/VF; fresh pairwise metrics; Panaroo; plasmid, variant and optional ABRicate inputs","Uses Not_UTI-to-UTI transition cases and selected canonical FASTAs for optional ResFinder screening at 80% identity/coverage.","Rule-based descriptive buckets; optional ABRicate ResFinder; no causal model.","Residents can contribute multiple cases; no recurrent-event adjustment.","results/mechanism casebook, summaries, validations, optional AMR tables and plots","Provides structured descriptive case evidence after all upstream provenance checks pass.","Does not establish a mechanism or antibiotic effect. Cache is basename-based, variant annotation is unsafe, optional AMR data are not clinical antibiotic exposure, and input case counts must be dynamic."
"active_root","34_robustness_first_addon.R","Mixed-pipeline robustness synthesis","Invoked in Phase 4","Episode, score or existing model result","Compares the primary rule with a near-miss-expanded sensitivity and consolidates QC, model, bootstrap, leave-one and power diagnostics.","status_map; vf_analysis_ready; score table; near-miss, QC, model and script-32 outputs","Hard-validates 583/18 clinical, 556/17 VF and the current near-miss count; near-miss labels change only within sensitivity outputs.","Wilcoxon and Fisher with BH for selected new comparisons; otherwise summary of upstream diagnostics.","New episode-level tests do not fully cluster residents; inherited bootstrap/paired handling varies.","results/robustness tables, claim matrix, validation, markdown and plots","Shows how sparse-case conclusions change under a documented possible-UTI sensitivity.","Mixed analysis only; does not refit all feature GLMMs under the alternative rule and remains exploratory."
"active_root","35_final_figure_pack.R","Rendering/validation only","Invoked at end of Phase 4","Inherited figure-specific units","Renders final figures from mechanism, robustness and statistical-sensitivity outputs after validation checks.","Status, VF, mechanism, robustness, statistical-sensitivity and variant outputs","Requires upstream validation status PASS and rejects some legacy paths.","No new inference; plotting only.","Inherits all clustering choices from upstream analyses.","plots/final_figures and final figure manifest/validation tables","Can render already validated descriptive or sensitivity results.","Contains hard-coded mixed denominators and transition/interpretation text and includes unsafe variant/AMR branches. It is not a methods source and must be regenerated after corrected inputs."
"active_root","36_statistical_sensitivity_addon.R","Exploratory targeted sensitivity","Invoked in Phase 4","Participant-collapsed status, paired resident, transition and episode model","Adds resident-collapsed score comparisons, paired binary features, transition module contrasts and score-level GLMM sensitivities.","status_map; vf_analysis_ready; vf_score_table; prior feature/model screens; transition/module outputs","Uses four named score endpoints. Feature catalogue combines top prior results with explicit example genes; score GLMMs use batch, timepoint and optional collapsed ST groups.","Bootstrap B=5,000; rank-sum, sign and signed-rank tests with BH; Fisher with BH; GLMM + (1|Participant_id) with GLM fallback.","Participant-collapsed and paired analyses address repetition; transition tests can repeat residents and GLM fallback loses clustering.","results/statistical_sensitivity tables, validation, summary and plots","Provides targeted sensitivity evidence and makes sparse-data limitations visible.","Prespecified is inaccurate for the data-selected feature catalogue. Seventeen UTI rows with multiple factor levels can overfit; ST grouping is hard-coded and all results remain exploratory."
"active_runner","RUN_COMPLETE_ANALYSIS.sh","Pipeline orchestrator","Executed manually to run the numbered workflow","Inherited from each stage","Runs clinical, WGS-from-assemblies, VF, pairwise, longitudinal, exploratory and reporting scripts in a fixed shell order.","Pre-existing batch CSVs, assembly_metadata.csv, FASTAs, software environment and all script dependencies","Uses set -e and set -u and requires some conda environment to be active. It does not verify the intended environment name or run the metadata builder.","No test itself; invokes tests/models embedded in scripts.","Inherited from each invoked script.","All outputs listed by invoked scripts; console execution log only unless externally captured","Documents the actual order of the executed assembly-to-results workflow.","Not a raw-read-to-results pipeline: it omits sequencing, basecalling, read QC, coverage, Longcycler/Flye assembly and polishing, and 00_make_assembly_metadata.r. It invokes unsupported scripts 15-21, does not freeze versions, and Parsnp may exit successfully while leaving stale output."
"optional_utility","scripts/12d_wgs_badsize_rescue_screen.R","Optional bad-size rescue sensitivity","Not invoked by RUN_COMPLETE_ANALYSIS.sh","Assembly candidate","Screens assemblies excluded only for size using additional quality, taxonomy and distance evidence without changing canonical QC.","canonical selection and candidate FASTAs; optional CheckM2, GUNC, QUAST, MLST, Mash and FCS-GX resources","Retains the canonical set and adds only candidates meeting explicitly configured rescue evidence; default maximum rescue size 6.8 Mb.","External QC/taxonomy/distance tools subject to availability.","One sensitivity assembly selection per episode; no phenotype model.","results/sensitivity/rescue_qc/ manifests, tool results, decisions and selection file","Can support a separately labelled assembly-QC sensitivity analysis.","Tool availability changes available evidence; never merge rescue rows into the primary canonical denominator without explicit sensitivity labelling."
"optional_utility","scripts/32_compare_primary_vs_rescue_vf.R","Optional rescue comparison","Not invoked by RUN_COMPLETE_ANALYSIS.sh","Primary/rescue episode and matched episode","Compares canonical and bad-size-rescue VF-ready datasets, denominators and matched VF profiles.","Primary vf_analysis_ready.csv; rescue vf_analysis_ready_rescue.csv; rescue selection","Keeps primary and rescue datasets labelled and identifies rescue-only, primary-only and shared episode keys.","Descriptive comparisons; no primary inferential model.","Matched rows can be compared within episode; no broader resident model.","results/sensitivity/vf_rescue comparison tables and report","Shows whether optional QC rescue materially changes VF denominators or calls.","Sensitivity only; does not validate rescued assemblies or justify replacing the canonical analysis."
"optional_utility","scripts/99_script_and_figure_index.R","Documentation/meta utility","Not invoked by RUN_COMPLETE_ANALYSIS.sh","Script file","Parses the first 100 comment lines of active root and non-legacy utility scripts to create a script index.","Numbered root scripts and top-level scripts/ utilities","Includes files matching configured filename patterns; extracts header tags heuristically.","No statistical test.","Not applicable.","results/meta/script_and_figure_index.csv","Provides a navigational index of scripts.","Header comments can be stale or incomplete; this generated index is not a substitute for the audited register."
